{"cameraMode":{"drawMode":0,"name":"Shaded","section":"Shading Mode"},"sceneLighting":true,"audioPlay":false,"sceneViewState":{"m_AlwaysRefresh":false,"showFog":true,"showSkybox":true,"showFlares":true,"showImageEffects":true,"showParticleSystems":true,"showVisualEffectGraphs":true,"m_FxEnabled":true},"in2DMode":false,"pivot":{"x":16.58510398864746,"y":-46.23187255859375,"z":1.7757244110107422},"rotation":{"x":0.1481250822544098,"y":-0.31445077061653139,"z":0.04974566772580147,"w":0.9363263249397278},"size":219.03585815429688,"orthographic":true}