{"cameraMode":{"drawMode":0,"name":"Shaded","section":"Shading Mode"},"sceneLighting":true,"audioPlay":false,"sceneViewState":{"m_AlwaysRefresh":false,"showFog":true,"showSkybox":true,"showFlares":true,"showImageEffects":true,"showParticleSystems":true,"showVisualEffectGraphs":true,"m_FxEnabled":true},"in2DMode":false,"pivot":{"x":0.6617613434791565,"y":-3.699098825454712,"z":0.805004894733429},"rotation":{"x":0.021227458491921426,"y":-0.7131177186965942,"z":0.7003956437110901,"w":0.021610381081700326},"size":4.843879222869873,"orthographic":true}